[
	{
		"inputs": [
			{
				"internalType": "uint256",
				"name": "value",
				"type": "uint256"
			},
			{
				"internalType": "string",
				"name": "propertyName",
				"type": "string"
			}
		],
		"name": "addAsset",
		"outputs": [],
		"stateMutability": "nonpayable",
		"type": "function"
	},
	{
		"inputs": [],
		"stateMutability": "nonpayable",
		"type": "constructor"
	},
	{
		"anonymous": false,
		"inputs": [
			{
				"indexed": true,
				"internalType": "address",
				"name": "participant",
				"type": "address"
			},
			{
				"indexed": false,
				"internalType": "uint256",
				"name": "value",
				"type": "uint256"
			},
			{
				"indexed": false,
				"internalType": "string",
				"name": "propertyName",
				"type": "string"
			}
		],
		"name": "AssetAdded",
		"type": "event"
	},
	{
		"anonymous": false,
		"inputs": [
			{
				"indexed": true,
				"internalType": "address",
				"name": "from",
				"type": "address"
			},
			{
				"indexed": true,
				"internalType": "address",
				"name": "to",
				"type": "address"
			},
			{
				"indexed": false,
				"internalType": "uint256",
				"name": "value",
				"type": "uint256"
			},
			{
				"indexed": false,
				"internalType": "string",
				"name": "propertyName",
				"type": "string"
			}
		],
		"name": "AssetTransferred",
		"type": "event"
	},
	{
		"inputs": [
			{
				"internalType": "uint256",
				"name": "salary",
				"type": "uint256"
			},
			{
				"internalType": "uint8",
				"name": "percentage",
				"type": "uint8"
			}
		],
		"name": "deposit",
		"outputs": [],
		"stateMutability": "nonpayable",
		"type": "function"
	},
	{
		"anonymous": false,
		"inputs": [
			{
				"indexed": true,
				"internalType": "address",
				"name": "participant",
				"type": "address"
			},
			{
				"indexed": false,
				"internalType": "uint256",
				"name": "amount",
				"type": "uint256"
			}
		],
		"name": "Deposit",
		"type": "event"
	},
	{
		"inputs": [],
		"name": "registerParticipant",
		"outputs": [],
		"stateMutability": "nonpayable",
		"type": "function"
	},
	{
		"inputs": [
			{
				"internalType": "address",
				"name": "to",
				"type": "address"
			},
			{
				"internalType": "uint256",
				"name": "index",
				"type": "uint256"
			}
		],
		"name": "transferAsset",
		"outputs": [],
		"stateMutability": "nonpayable",
		"type": "function"
	},
	{
		"inputs": [
			{
				"internalType": "address",
				"name": "newOwner",
				"type": "address"
			}
		],
		"name": "transferOwnership",
		"outputs": [],
		"stateMutability": "nonpayable",
		"type": "function"
	},
	{
		"anonymous": false,
		"inputs": [
			{
				"indexed": true,
				"internalType": "address",
				"name": "participant",
				"type": "address"
			},
			{
				"indexed": false,
				"internalType": "uint256",
				"name": "amount",
				"type": "uint256"
			}
		],
		"name": "Withdrawal",
		"type": "event"
	},
	{
		"stateMutability": "payable",
		"type": "fallback"
	},
	{
		"inputs": [
			{
				"internalType": "uint256",
				"name": "amount",
				"type": "uint256"
			}
		],
		"name": "withdraw",
		"outputs": [],
		"stateMutability": "nonpayable",
		"type": "function"
	},
	{
		"stateMutability": "payable",
		"type": "receive"
	},
	{
		"inputs": [
			{
				"internalType": "address",
				"name": "",
				"type": "address"
			},
			{
				"internalType": "uint256",
				"name": "",
				"type": "uint256"
			}
		],
		"name": "assets",
		"outputs": [
			{
				"internalType": "uint256",
				"name": "value",
				"type": "uint256"
			},
			{
				"internalType": "string",
				"name": "propertyName",
				"type": "string"
			}
		],
		"stateMutability": "view",
		"type": "function"
	},
	{
		"inputs": [
			{
				"internalType": "address",
				"name": "",
				"type": "address"
			}
		],
		"name": "balances",
		"outputs": [
			{
				"internalType": "uint256",
				"name": "",
				"type": "uint256"
			}
		],
		"stateMutability": "view",
		"type": "function"
	},
	{
		"inputs": [],
		"name": "checkBalance",
		"outputs": [
			{
				"internalType": "uint256",
				"name": "",
				"type": "uint256"
			}
		],
		"stateMutability": "view",
		"type": "function"
	},
	{
		"inputs": [],
		"name": "checkTotalBalance",
		"outputs": [
			{
				"internalType": "uint256",
				"name": "",
				"type": "uint256"
			}
		],
		"stateMutability": "view",
		"type": "function"
	},
	{
		"inputs": [
			{
				"internalType": "address",
				"name": "",
				"type": "address"
			},
			{
				"internalType": "uint256",
				"name": "",
				"type": "uint256"
			}
		],
		"name": "depositHistory",
		"outputs": [
			{
				"internalType": "uint256",
				"name": "amount",
				"type": "uint256"
			},
			{
				"internalType": "uint256",
				"name": "timestamp",
				"type": "uint256"
			}
		],
		"stateMutability": "view",
		"type": "function"
	},
	{
		"inputs": [
			{
				"internalType": "address",
				"name": "participant",
				"type": "address"
			}
		],
		"name": "getAssets",
		"outputs": [
			{
				"components": [
					{
						"internalType": "uint256",
						"name": "value",
						"type": "uint256"
					},
					{
						"internalType": "string",
						"name": "propertyName",
						"type": "string"
					}
				],
				"internalType": "struct PensionFund.Asset[]",
				"name": "",
				"type": "tuple[]"
			}
		],
		"stateMutability": "view",
		"type": "function"
	},
	{
		"inputs": [
			{
				"internalType": "address",
				"name": "participant",
				"type": "address"
			}
		],
		"name": "getDepositHistory",
		"outputs": [
			{
				"components": [
					{
						"internalType": "uint256",
						"name": "amount",
						"type": "uint256"
					},
					{
						"internalType": "uint256",
						"name": "timestamp",
						"type": "uint256"
					}
				],
				"internalType": "struct PensionFund.DepositRecord[]",
				"name": "",
				"type": "tuple[]"
			}
		],
		"stateMutability": "view",
		"type": "function"
	},
	{
		"inputs": [],
		"name": "getTotalAssetValue",
		"outputs": [
			{
				"internalType": "uint256",
				"name": "",
				"type": "uint256"
			}
		],
		"stateMutability": "view",
		"type": "function"
	},
	{
		"inputs": [
			{
				"internalType": "address",
				"name": "",
				"type": "address"
			}
		],
		"name": "isParticipant",
		"outputs": [
			{
				"internalType": "bool",
				"name": "",
				"type": "bool"
			}
		],
		"stateMutability": "view",
		"type": "function"
	},
	{
		"inputs": [],
		"name": "owner",
		"outputs": [
			{
				"internalType": "address",
				"name": "",
				"type": "address"
			}
		],
		"stateMutability": "view",
		"type": "function"
	},
	{
		"inputs": [],
		"name": "totalBalance",
		"outputs": [
			{
				"internalType": "uint256",
				"name": "",
				"type": "uint256"
			}
		],
		"stateMutability": "view",
		"type": "function"
	}
]